path_index,q900,q950,q990
0,-0.4538437763986696,-0.005169453690008612,0.6754400413049438
1,-0.34813667183140296,0.07519522014207673,0.7163747762587948
2,-0.3399959389437632,0.07401071431584108,0.6237327827829615
3,-0.34501882062349054,0.08671814491681501,0.7387614234015423
4,-0.3361174778686645,0.05700309303493596,0.6075253213343024
5,-0.2950534578588521,0.11210889521887242,0.7735339598044311
6,-0.248022826952715,0.1167334910781446,0.9097800543010692
7,-0.2204072544434583,0.06584494532546986,0.8371872130558113
8,-0.2881485609223729,0.07140577427760393,0.7728363021067283
9,-0.2329945197338857,0.12238904556159988,0.7687085472072361
10,-0.18229108183724865,0.12865381243468366,0.6583907831847846
11,-0.23040561783579186,0.057291301075123216,0.7218562087839409
12,-0.16457030444197476,0.07248015846541749,0.6349614954134094
13,-0.21390425798730703,0.04869057215578163,0.7428048944806267
14,-0.16115835113928084,0.12935992677556157,0.8623031869796534
15,-0.13194139559426535,0.21411359540330316,0.9513873352395809
16,-0.191671398930388,0.2293776601015979,0.9802677763339029
17,-0.23537902005681713,0.19582783611652718,0.9406829474594985
18,-0.2211432917694353,0.152806395430342,0.9124154800261772
19,-0.18662723336042664,0.14140816943971773,0.9593617567665538
20,-0.1303512416932851,0.18188236056548618,0.8824162290323784
21,-0.14586502675876603,0.2716539691371761,0.7943889305161602
22,-0.1501102114854974,0.2250919644878947,0.879712393466993
23,-0.14544852450666113,0.23161185632982642,0.8827105345922337
24,-0.10339764986756242,0.3047179456843198,0.7919330564685633
25,-0.1331884554342014,0.25451481834932044,0.7864329055874144
26,-0.15318160151710922,0.23084716337517544,0.877139723384129
27,-0.07246459144899454,0.26464799458022387,0.8477245412425682
28,-0.08031659740792244,0.22183709553131004,0.751094845969627
29,-0.09319384001509523,0.22574227157810492,0.8593359482745775
30,-0.13247998411420422,0.23997667148940804,0.7347796146915039
31,-0.09494740171173872,0.23522931573271985,0.8016087341874651
32,-0.07349606570795668,0.22449565081012046,0.8594863138321392
33,-0.13773341777767786,0.2917437975012634,1.0477402491308978
34,-0.12117157239942924,0.26008863386075864,0.9238976189718844
35,-0.1207109692118781,0.2196302637127234,0.9579381675818054
36,-0.10660378099318227,0.27689616251095445,0.944059038133479
37,-0.11782918890965201,0.260923301895645,0.7942248641183961
38,-0.09423292386236821,0.22254350791791883,0.8020217871272483
39,-0.15019933299031302,0.20014776980933122,0.7882682444435681
40,-0.1119692828604704,0.2245929449413592,0.83361602864179
41,-0.0815795194141602,0.22033742587629762,0.7984572774204615
42,-0.03934532608346604,0.23404334058790374,0.844797839276905
43,-0.09785858574087576,0.23372832757473397,0.9232456754885087
44,-0.08164047438971928,0.2346933346872748,0.8631718150925973
45,-0.04698601767145081,0.3020035848487086,0.8286871714787469
46,-0.005302315173866856,0.24730212632701434,0.8433311082393137
47,-0.008838103266982736,0.3525176873286871,0.8678818037013726
48,-0.011052877161197874,0.32233266244939174,0.8562597298226751
49,-0.053502430595065244,0.26051247207117867,0.9651333818869604
50,0.023912208980398038,0.27209703567325805,0.938842310590864
51,0.018297858835686447,0.3455763301815747,0.9581972922566401
52,-0.024690000480272846,0.33105745217541027,0.9841154043969945
53,0.004092380065965866,0.41716953938407536,0.9714510958339669
54,0.015576209893262884,0.4171625035948792,1.032264519553166
55,0.023985987379795983,0.4006985545041418,1.0994108272986058
56,0.05998660792076111,0.450009464121159,0.9683356253191202
57,0.061596155303807666,0.4479962818885607,0.9421956332924813
58,0.0693128193593563,0.39624711323215384,0.9103005464373136
59,0.06902520259401697,0.4188200119694166,1.1427226945006097
60,0.08016857027147935,0.43241838775169533,1.0607178586245334
61,0.009407679920482815,0.3727121599848148,1.0434130453392474
62,0.047716440028368064,0.4040151103378573,0.960057518855356
63,0.008906436411987122,0.4502090035223747,1.0064151033842055
64,0.037686886217663286,0.33835484268876653,0.9437580492175207
65,0.03811908946787331,0.31653706957035976,0.9396068682978465
66,0.04126937614923486,0.3646639269486958,0.8137741567461991
67,0.03932486250956618,0.35836147749464287,0.8882112906411338
68,0.03617811972843878,0.27322372097893216,0.9540579833978916
69,0.01629540464588683,0.26348733273730174,0.8384993982730231
70,0.013337800902529133,0.39120608282002783,0.8511889644103408
71,0.005086949523134779,0.3421899968420784,0.9027776314587409
72,0.05588994603127814,0.34219240402610507,1.0277552914433845
73,0.045992275875458774,0.3495379834169979,0.9930651694509383
74,0.07471018455851712,0.3950811861291086,0.9242561143019564
75,0.04382866712018189,0.3764169677977254,1.0350718279996927
76,0.060289317608471935,0.35997746321535873,1.0846220416463759
77,0.05959551157609611,0.3760728105066015,0.8497351508066151
78,0.04092640490885805,0.3258719342623607,0.9179415847196725
79,0.08080009931665319,0.37052861061387055,1.0198787171944497
80,0.005150422184617412,0.32913886015422017,1.114597768809714
81,0.06837060173449959,0.4244390015523053,1.262243162796325
82,0.05586896119820103,0.4385915473433564,1.1281463360468942
83,0.0568096990735664,0.36912746956326076,1.205047432789906
84,0.04482968978180575,0.377325168294213,1.1035363319584615
85,0.06904848325461518,0.4569870349908917,1.1320373715408976
86,0.041162920235771464,0.4386326315575498,1.1871859434899348
87,0.08289350708641104,0.4388669526992764,0.9909745067854827
88,0.08083882025020224,0.46296850037017756,1.1620161739347277
89,0.11787065507064501,0.4577792870214371,1.1618939227405463
90,0.14381605272762144,0.4888573608814644,0.9756730374197533
91,0.11445018992214298,0.4459816260466521,1.0177046944441437
92,0.14236678687785365,0.4889655980399697,1.096334952548579
93,0.09299609470441775,0.42551570399697325,1.1989960838855973
94,0.113338264765148,0.3993973169003475,1.0931895843312653
95,0.07099419357339058,0.3941783461890626,1.0855459699318168
96,0.06482215911273292,0.3802382757482746,1.0625635337985093
97,0.12342847076795363,0.4186711853786949,1.0669621876547248
98,0.06500104869411774,0.4009809655217497,0.9333055014749199
99,0.109255254797553,0.3699812156788557,0.8992072665944163
100,0.08111164940635643,0.3961679834433279,1.0037377104205631
101,0.10374430291815079,0.43783015400679337,0.872183201442793
102,0.06685235433553971,0.3846010886170283,0.9321794055500395
103,0.03962035053423408,0.39902611868223703,1.13687792473599
104,0.0885928350575576,0.4456628352166786,0.9892245440226596
105,0.07799696970393467,0.370638560541312,1.0071548338520782
106,0.11281710472155593,0.44211069596787084,0.8873616315584727
107,0.1428688609562881,0.41586834355009955,0.8940022324688235
108,0.1671455503956577,0.46921698703639514,0.9865893543299767
109,0.113574669619262,0.4640188659418715,1.0130954440321693
110,0.10745013435784774,0.45623509987765953,0.9990482001859843
111,0.15637256598935545,0.4439485219523138,1.0518905455346577
112,0.164374656228235,0.45915509788631476,1.218100109027081
113,0.1874288950234944,0.5207340301387455,1.0724594771465539
114,0.14252210408301683,0.42857910325808934,1.0612383400016214
115,0.13633070155427174,0.4845176152238584,0.9787639742130232
116,0.16953376112134255,0.4789911484500707,1.125051238687295
117,0.1996864561769015,0.5074813026634089,1.019852045976491
118,0.17377726831858525,0.5063947257302888,0.9774531804712205
119,0.2141022175160858,0.4977010117342266,1.0509259329031666
120,0.19451827732807603,0.4673505987023557,1.0653380108383976
121,0.1802657908211719,0.48667034713178503,1.080281458402347
122,0.1999042030261412,0.47577804605501495,1.1019245676130094
123,0.19809981162053367,0.44743381334166604,1.0396128687629256
124,0.178382912666436,0.5329654658573426,1.153608113550292
125,0.16208265821996684,0.4921074318592842,1.1642749752293748
126,0.17504474028984848,0.532009789549038,1.0970430520253764
127,0.14778505323209623,0.4812402266139118,1.0809582314826949
128,0.12041285753394619,0.45617645645674043,1.0347016916564395
129,0.1268271313251033,0.47975798165884015,1.1132429665457313
130,0.13642364516832686,0.46866985367124736,1.0017112639924675
131,0.13518222140817587,0.4311028369323006,1.0352010479028664
132,0.14068272371473234,0.46483913886660494,1.0599371071445303
133,0.12099415688450618,0.43344385105179906,1.2067674101190022
134,0.12758402084943943,0.4872137352901497,1.3397901700826573
135,0.13446903809417854,0.43698936724388693,1.2877332867677105
136,0.1373510974449043,0.4576714866971599,1.1807938405091785
137,0.15935833967820554,0.4657982758152151,1.1960398808269448
138,0.16215327209160776,0.47382628664326454,1.0056125159975122
139,0.1094351144714399,0.48980404105024017,1.0402929404232717
140,0.14964716046550305,0.5139714707466841,0.9870699499849893
141,0.12361185121319285,0.4686454954197106,0.9039563395089403
142,0.1655799191980571,0.5167787238998897,0.9908806136739443
143,0.11254391621146423,0.447009934434915,0.9878927572450144
144,0.08720801157937054,0.3955820952917912,1.1177339371133357
145,0.083769684398256,0.41712211160322793,0.9252092117904487
146,0.09909808856611833,0.38814243731680187,0.9506666139227541
147,0.0743245249762565,0.3641612612656853,0.8787612507655091
148,0.11900309003635633,0.3913731162510158,0.8973720767780089
149,0.1287669222831117,0.374412998108567,0.8405009492492548
150,0.12400844547325925,0.3912423074401552,0.814895675265879
151,0.12618267254849783,0.3636472023874939,0.8740108933919687
152,0.11569141939374365,0.391766685669601,0.8463239023913435
153,0.11566396785293376,0.4405986222349738,0.9910419327418871
154,0.10955278460591265,0.4320827455666886,0.9887087190735602
155,0.14405280855995456,0.4488876510237007,1.0678681276169826
156,0.11062654371451991,0.43605525722840066,1.0101917776724665
157,0.1326918072942133,0.5015809787382816,1.0884733345487543
158,0.1405194383508697,0.4616652206787349,1.1837208022764574
159,0.11481468731396346,0.45663113307257486,1.0992469637433664
160,0.13881054431097023,0.4561789945489554,1.0436524163841108
161,0.11154114370487173,0.4461325312660761,1.0073477719137094
162,0.13022280391967664,0.38118251646018514,0.9199265395605725
163,0.14101592174266478,0.4412503498436911,0.8968237964145171
164,0.17987414580765973,0.46933633779519385,0.9468764928945795
165,0.174710755174302,0.45680742290325227,1.0498166037259484
166,0.23858462614403353,0.5012599129697439,1.114388183135011
167,0.18789380239038705,0.5160366270452256,1.1975227273061027
168,0.1978584875850783,0.4968137683631414,1.2298170917455762
169,0.21929344026879682,0.5076304109572161,1.1255464880296766
170,0.21190297098941108,0.5453930456822189,1.1627689250875304
171,0.20407051002078846,0.49751479876249466,1.19912714542706
172,0.2355470978821406,0.47079958769403973,1.0844789365198717
173,0.23225847280855072,0.5375283915728204,0.9818582319524589
174,0.24296022922290225,0.48653616846889225,1.0043210472186903
175,0.18872625505567664,0.4804797075969993,1.0353910479298467
176,0.20671016191822653,0.4991040368485731,1.0238212885839217
177,0.21256253675639863,0.49087852091720174,1.0201210842746407
178,0.19416598598741575,0.5748180035203019,1.0073363714840744
179,0.21719801745707534,0.4912544165194495,1.1177218082222813
180,0.20650440920284185,0.5256135605421914,0.9676789250104435
181,0.20988418254392976,0.48435609907511873,1.026410666042898
182,0.2358174328552833,0.4803233205978809,1.0649990235935016
183,0.24182311961086186,0.4983456169476139,0.922283103277533
184,0.18898655248404236,0.5082090277465019,0.948567905892103
185,0.18869420852396662,0.5082153186168729,1.051617217433711
186,0.18358235383971863,0.4663351637806147,1.1430738694381901
187,0.18470168427939976,0.4790569622887928,1.1178638343560099
188,0.1658897733263014,0.4970684125460796,1.0737489763733388
189,0.185348895837243,0.46140436672407603,1.190036269133528
190,0.15859240579844022,0.4505689174329369,1.0409547199023912
191,0.193829598395053,0.4405657712516161,1.101049073300576
192,0.1844251473834423,0.5552684273667993,1.078319350262069
193,0.1980234047326356,0.5217698509843616,1.1800102406452653
194,0.18628006721510187,0.49949925233057707,1.1092942238450867
195,0.1678671985831952,0.47349433347018294,1.0196322409593959
196,0.19556825619471752,0.4378381154684542,1.2652848902731377
197,0.20304479641849746,0.44064889868167506,1.0423296743381816
198,0.21750415753073074,0.47376940400019846,1.1548618990701158
199,0.20771067114579056,0.4302950837138588,1.0398007655703034
200,0.20637962001589533,0.516433266820804,1.1814072421089081
201,0.18372575792881138,0.5521937210336111,1.189677580561437
202,0.18106029272342497,0.5587084348597591,1.3658576874003896
203,0.17628642029190425,0.5315358626134629,1.1935319784351062
204,0.13711738909399868,0.5661887916493634,1.3465420152567473
205,0.17374222053471208,0.515361055258138,1.2909984652767472
206,0.13459162426528748,0.511459962294748,1.2069970294976982
207,0.10974378162192457,0.4807805044068357,1.142246689945215
208,0.15177571922435462,0.45542680506200356,1.214318856912759
209,0.1628011622344268,0.43348193595440776,1.127015155336939
210,0.15757684169721212,0.4585418196393662,1.1066404221635175
211,0.13384172374547978,0.42066665367043865,0.9569085255369347
212,0.15828000230244968,0.42914737284179144,1.0150637284303363
213,0.1478380005543782,0.4335211693299699,1.105278787184775
214,0.19742397348931995,0.4655634029557851,1.0998246613330593
215,0.1919462879368653,0.47349723497953433,1.031013897147359
216,0.19604121278922718,0.48286350295386443,1.2019502879506088
217,0.19526435983753848,0.5296332378632072,1.1845890989850754
218,0.2120664042300979,0.5264187233427717,1.1437030324097524
219,0.23221868731682124,0.5129041405796252,1.137287025859591
220,0.24924509926629373,0.5741625680933172,1.040883766447198
221,0.2513477674537681,0.5810430701200517,1.1940922347966674
222,0.23433164307651277,0.5580521708075348,1.1808396018847986
223,0.24418721836746568,0.6077167585686237,1.2136070109531916
224,0.24220245336068585,0.5890992868439192,1.1252317469429085
225,0.24422444332629656,0.5822044573090183,1.0923055462664417
226,0.22571039072562465,0.5754900900060024,1.1567313723347281
227,0.25415045973529454,0.5250289149670537,1.0567113440824367
228,0.2463998310101424,0.5442558918875994,1.0542515394480514
229,0.21821486093075299,0.563535277663565,1.1284870362415247
230,0.208132045405644,0.5111951768759203,1.0657734276202078
231,0.2054263551395515,0.505291565054472,0.9820767350619712
232,0.23685579810521837,0.5267845415541245,0.9990214094265574
233,0.22381844519100894,0.496307003446865,1.0872276639288478
234,0.18393637978521618,0.49807216383642444,1.0399953123368626
235,0.19386068762874417,0.4730502199748381,1.0061363849562681
236,0.17775967512105334,0.5616594226276377,0.958182351347673
237,0.2092891580865327,0.5532220602931147,1.0804502371505202
238,0.22659197789135016,0.535816528472066,1.1352297206007982
239,0.23239110298659418,0.5531086283748312,1.246418619577053
240,0.20653863473514314,0.559268177881077,1.1308614003870108
241,0.17248820110775565,0.4566871278185156,1.1317605211929755
242,0.14404137873783662,0.4363509978825846,1.161705039039945
243,0.1288857950011721,0.44138984600754877,1.1268763680486977
244,0.15977474125792848,0.4461266048781409,1.1218408540117277
245,0.17944281763450307,0.47304560916000304,1.2080588873744134
246,0.18416005391216012,0.4644185153244072,1.2728065071768393
247,0.20572155086281435,0.516727088634919,1.2896821920844843
248,0.21398862214693612,0.5409976209542867,1.33506170173773
249,0.17993723863700045,0.532439989375321,1.2085157141964546
250,0.1674104428734116,0.5374556471719519,1.1872782761533198
251,0.18360253350638184,0.5328867807653792,1.158192506530641
252,0.1626652202784064,0.5850317392292145,1.1990187751289563
253,0.17011784954984577,0.48653341826536073,1.1253739567799372
254,0.14735350943201322,0.4470127002946486,1.0672226943395884
255,0.1595110120163626,0.4705713828558874,1.0610451351334769
256,0.1718521893732399,0.505949686560826,1.0940554858683615
257,0.19451979133150127,0.5159830066996318,1.1152811204560016
258,0.19477333059184365,0.5280618193832772,1.2374266173928188
259,0.2139905524402845,0.5279471063436509,1.0653287075873878
260,0.2153398927590791,0.5084256972328454,1.0400129760150176
261,0.25669732392635897,0.510128345315234,1.1458032592404996
262,0.1790457445010503,0.5368174213300791,1.066415708025466
263,0.22749667776287652,0.570114676871917,1.0567103177220916
264,0.1734579087370643,0.4671851126831072,1.0667975265152654
265,0.17935319354357016,0.5284151085256699,0.978989511897761
266,0.19772144094700417,0.5163036899302492,0.9338705050618592
267,0.23427789809366684,0.5082576870198869,1.0831746214960742
268,0.24003107635278134,0.5396604724020054,1.0933605801685085
269,0.28001552670633256,0.508147808345686,1.1336534590382077
270,0.2484075216519804,0.5133926357189225,1.1407547376026257
271,0.22845838808147076,0.5200465424368835,1.153091426782794
272,0.2187711596106154,0.5667731855934746,1.17107246949363
273,0.2255643690615135,0.5024149391168917,1.1449251719535913
274,0.21482411560675016,0.5059467968956476,1.1563643750624877
275,0.21082851351276935,0.5158823879981839,1.0898772414190738
276,0.20128643508919478,0.47177553188981464,1.1552542100153718
277,0.24893383381491047,0.49232619484535417,1.0693067701984265
278,0.22618839473603658,0.4901175941257038,1.0658412428650104
279,0.24589586235305516,0.5256861904736567,1.1395436874091043
280,0.2274899839389139,0.5221821239632953,1.1222675243272129
281,0.22826344760904493,0.4869245173932124,1.189506865210036
282,0.24048019509407867,0.4923996230932755,1.0008992626723296
283,0.2778109803838708,0.51244884181294,1.0969172477129663
284,0.21108590220724527,0.5347664836877846,1.229067462362758
285,0.23328254981410973,0.5547571633235548,1.1230645482643606
286,0.24860482941790893,0.5299194208879632,1.0719831846399057
287,0.23376537263858355,0.5713138696986226,1.056213161544381
288,0.25068901445970254,0.6037796937709999,1.1168996641115523
289,0.2602251127266839,0.5363282257696224,1.2231173509924904
290,0.24558268430781213,0.5782254486172034,1.1969124098609145
291,0.25475472395821164,0.6061873437907683,1.2217155325869122
292,0.2726149914425039,0.5328000092447375,1.35514649776963
293,0.2595034386316641,0.5681489336562452,1.2245126330469331
294,0.26997949723658815,0.5601849756814508,1.2015549337549158
295,0.20762465110244474,0.5862494193832236,1.2374568752081458
296,0.20091588630151477,0.5166143531657815,1.2177759074127137
297,0.21880523414825367,0.562676509325107,1.2599557924358336
298,0.20543736880853755,0.5418492394657876,1.1423833204209404
299,0.21801439707009018,0.5913582203390214,1.1498397074528957
300,0.22702629280883008,0.5619549650878739,1.146899946104162
301,0.22338779844057122,0.5874428909442382,1.1715784598015173
302,0.17819619185720728,0.5886494990557435,1.2269334278864923
303,0.20879684288672484,0.5550903882663625,1.1379772209663999
304,0.23877307304978143,0.5459244893093416,1.1730843740508659
305,0.2439126519761674,0.5556033189344661,1.1042124736699366
306,0.250782169599738,0.6029748762572873,1.2056764736865733
307,0.26520676994064724,0.6303536179938204,1.2781484812353876
308,0.24777699767433115,0.603556464250549,1.5022743721981473
309,0.25777991781373855,0.5871766986418063,1.336332097791887
310,0.26158206681096213,0.5775541152905682,1.4040223800204958
311,0.28165714839975464,0.6357305994747732,1.357576487415985
312,0.3047043920821253,0.6361611312501275,1.3098614919556593
313,0.2687432264821103,0.6156340373082845,1.258502862092236
314,0.301386250438409,0.6277645457998826,1.2416180911351944
315,0.28608579706520676,0.6324958366285891,1.2168967127210373
316,0.3206817866496175,0.6488762379936298,1.3319220230378483
317,0.32051451545635756,0.6025131725045408,1.2553281129231393
318,0.34338746037409057,0.6752596140497146,1.2803650321613975
319,0.3318749075699974,0.679365656250195,1.3770972913286785
320,0.3201593585056132,0.6532433964250522,1.3021499817525928
321,0.30745572230292995,0.6205070633299836,1.2767989923766463
322,0.31979784290268576,0.6450609112841901,1.1444867377858103
323,0.32315156076013646,0.6198762379009508,1.159398758463043
324,0.30834841832401017,0.6813763549747759,1.1899848731999925
325,0.3119354184656658,0.6799034414927284,1.2695523512105464
326,0.31178483904148174,0.7039756531968202,1.2780930842062104
327,0.33557857301981936,0.6777871719807231,1.3358541628242115
328,0.30331846510700516,0.6171553719571448,1.3912680887113877
329,0.3038458015138788,0.6414554138558419,1.4537187177292035
330,0.3319280039416191,0.6185492840656742,1.320029526385461
331,0.31041531581926285,0.6760521422322441,1.3071254918048816
332,0.3061184067805956,0.6328418286763242,1.3481989285989253
333,0.33177474080272934,0.7050404691760207,1.2391158934072704
334,0.3237963804766141,0.7054970083080624,1.3574882037617508
335,0.3531830561515843,0.6745010480037053,1.3363554334682637
336,0.3258475453018427,0.6421522890742187,1.2889212419199403
337,0.3113311335737816,0.6948786732295373,1.3701854256523645
338,0.31487509677845016,0.7263848566539732,1.4330442294773686
339,0.3082758834279151,0.6920911399431282,1.4449266252020145
340,0.35975317850956046,0.7814707376952665,1.4881150259905829
341,0.3319329741436659,0.699057692531644,1.5808666638643818
342,0.3291619040557327,0.6716296261373141,1.4489840968938308
343,0.3570899769685152,0.7092919297528588,1.430272801547194
344,0.37813934409685274,0.6809581064358041,1.4643139107370196
345,0.33483366146000343,0.6316362867333933,1.2706397276173915
346,0.34697407020782667,0.7593952064176973,1.2640817633416628
347,0.3242159810561786,0.6274335798017677,1.3557508334124
348,0.32691865620458516,0.6545392688087391,1.4091560742201417
349,0.3249546041744341,0.6513278089462928,1.2785249331526476
350,0.34162106677984955,0.6535825979834572,1.3954655290850921
351,0.3460188030738297,0.5999857065585525,1.3783685323883856
352,0.3340825168796675,0.6478361705712886,1.4003153032877038
353,0.3241000737985021,0.6425295046165634,1.281544354029346
354,0.2993212453961531,0.587295272198797,1.2596483325030239
355,0.3133375814204815,0.6248850456187934,1.4381813920284638
356,0.3297462049769996,0.6407361371058456,1.3606756308915624
357,0.3188143888196371,0.6652657805241531,1.3307357266423383
358,0.32203137570112794,0.6849944380155182,1.3492473796965754
359,0.2920269038045068,0.6768429611447233,1.2739571324224643
360,0.313914909341332,0.647132873836253,1.452666758705846
361,0.3205485892762404,0.6376992770225177,1.4876405083221989
362,0.3084686615087024,0.626079442030179,1.3501722187167706
363,0.2919982378107385,0.5796912827468848,1.243586372907694
364,0.26282003325596326,0.5549335829288553,1.1404451162404539
365,0.2605574467096786,0.5650262295388722,1.1560030235463599
366,0.2321227159016127,0.5318590624719999,1.2391183944685664
367,0.29990717742781203,0.5948695331447793,1.1997593120519432
368,0.2835965931875065,0.6473985077911366,1.2395472101034155
369,0.3244319997478893,0.6659167961176637,1.288426900951239
370,0.30935277982049875,0.6315210661634935,1.1880935417486191
371,0.2741731851334967,0.6498709426865847,1.250814712861881
372,0.3161628869321342,0.6254201363962038,1.2622523055271972
373,0.2794131989553628,0.6145826534857322,1.244514544438647
374,0.31403705873899623,0.6244715933697319,1.2493223286768849
375,0.27328115634522526,0.5435147692434792,1.2970551475901244
376,0.2688616509221505,0.5860681989143544,1.3185026022084025
377,0.29073010426754425,0.6445847125189738,1.3919233548902104
378,0.3472572017118862,0.6351351566575804,1.3698941769682709
379,0.3098428904112058,0.6399246630439802,1.2730514084107662
380,0.3536461103345662,0.6086676211566746,1.372987408532835
381,0.3188649662808813,0.615389415613854,1.3473355298786451
382,0.30062059217050086,0.6083405141574162,1.330758401688432
383,0.28849609420570227,0.5898557932765833,1.2639835219890494
384,0.28847748686546054,0.5299927354295619,1.264249337031714
385,0.28200926477183813,0.5802838002746983,1.326022523366555
386,0.2744864779443658,0.5632861939049009,1.3415133878464798
387,0.24449584379055914,0.5950927733807944,1.3666696169446415
388,0.25926432829953977,0.5846916999828121,1.306964623589228
389,0.24393428224298339,0.567570394271929,1.401541740385525
390,0.24611509157244685,0.6031522764218322,1.4502042878821475
391,0.2836095058570168,0.6513723906733594,1.375605581935797
392,0.26514403873732967,0.6791449668710716,1.177239971878272
393,0.28153441874555807,0.6442673577275358,1.3101199972601867
394,0.24601885713158952,0.6352233488550797,1.3521931105193374
395,0.2541739181550432,0.6233646997691082,1.2692168049176729
396,0.23217800730884633,0.5657158756184192,1.1090146642666847
397,0.2496173981609996,0.5911088770982114,1.1130480041818764
398,0.24778062223107628,0.546854219870792,1.1804227981974666
399,0.2470276187627349,0.6013018073979274,1.082504130221747
400,0.24009954451265988,0.5893158933133225,1.1447256251365534
401,0.2443627526984178,0.5522864465446421,1.0990126537729277
402,0.26160467521694053,0.5119201641735416,1.1481510317548502
403,0.23657108101921026,0.5109334249114457,1.1147693993016627
404,0.2719113571498426,0.5837777359591692,1.1477055947863426
405,0.2625197247518093,0.5967694557840973,1.0854127342133308
406,0.28311339070388936,0.6430817956327299,1.1287646091055163
407,0.2540897062433484,0.5855668510241809,1.095047144003114
408,0.2921411356157212,0.5569646472418894,1.1030950251370084
409,0.2768383870485991,0.5871261502291841,1.0643794789728742
410,0.24161148791013307,0.5312699535449249,1.1193091027358475
411,0.25580562360163484,0.549607339718608,1.0275444028099008
412,0.27604502495959404,0.5671557169142301,1.0645998079083911
413,0.28384966609348755,0.5841518307224115,1.1449978208370009
414,0.24373629018479545,0.568215665838869,1.1536887495324002
415,0.2908530793751028,0.581195318143831,1.0509293469570664
416,0.28951727517622927,0.5713364928378356,0.9904244961364305
417,0.29593512260385996,0.5018266159132418,0.9606067367533161
418,0.2418419351154057,0.5159462601071148,1.028862976450683
419,0.24508808389783238,0.5417240107776266,1.0742039959828786
420,0.24348502476774025,0.5021674794883377,1.0157358674888572
421,0.2677907854886447,0.48746250184307593,0.985950922101654
422,0.24862080379955545,0.49137964927834465,1.0447633911042984
423,0.2443488575527976,0.5174082007322968,1.033333389658189
424,0.23114938336905644,0.5106546833718041,1.178893947110851
425,0.25286314114791547,0.522062464430077,1.1032558915586537
426,0.22910961294334026,0.5140359078151577,1.1205696790074002
427,0.2356833114780456,0.5233959771636995,1.1317668259597733
428,0.23414729066932582,0.48108493076464265,1.238435697212682
429,0.1891776415232587,0.4933910558677177,1.0480482397784048
430,0.22739654542685503,0.45436506602121574,1.003636085681978
431,0.26091481177843806,0.5060540624179112,0.9933561313340035
432,0.19857336729625918,0.5040690901389162,1.0006588051223424
433,0.22141855992626283,0.44534248006408816,1.1206374650131745
434,0.18676346986642578,0.447595423084984,1.1084683832691693
435,0.20015024414290922,0.5213868699060645,1.1194090095379743
436,0.18691852637445414,0.4695260198655975,1.0925316996499432
437,0.2266700980899959,0.5219159468791734,1.030302916171411
438,0.24785573982723305,0.5177680594085213,1.0271408478646393
439,0.2275447728501065,0.519972753841958,1.2338678011061044
440,0.2684649559414419,0.5389240080697036,1.1233633325478165
441,0.2441543736042007,0.5354486838435444,1.1284120412818994
442,0.314929063050122,0.5465122342566239,1.0763254471562012
443,0.30808569934773244,0.5930735554820348,1.2033599036949785
444,0.28688899215988506,0.5480530225939148,1.1231178527204648
445,0.30091325947363307,0.5621292801289602,1.1361053851651945
446,0.32352016746215084,0.5313942150221104,1.2288571139315376
447,0.2948616080250447,0.6143438549920414,1.1886717251705035
448,0.30798777916488435,0.6163130184831539,1.298321918937911
449,0.28765278337993117,0.5957347363985698,1.262115213405911
450,0.27982435664620464,0.5650256506180068,1.2893381546940976
451,0.2777097125564721,0.5865786316175251,1.0744622542891258
452,0.3125117198547953,0.5735796918860844,1.0618174812342698
453,0.30464334569108464,0.6085692702316591,1.178136616413909
454,0.28110408102358975,0.6309086044121198,1.0475055625186847
455,0.2872272538444025,0.6563267173788973,1.0813416391396071
456,0.2844764350193,0.5856500315710693,1.057684488519977
457,0.24867833278119567,0.6097265254838888,0.9768567557551705
458,0.2954920716695946,0.6085732039911067,1.1367433869855135
459,0.2790803852638472,0.5936333872091751,1.1284696850169889
460,0.2951413765806797,0.5925914708609303,1.0779513533366285
461,0.31963568184082,0.6529756727836058,1.1410703670623445
462,0.2966299108155437,0.6821631168394096,1.1087130420628495
463,0.312990760383411,0.6466906689443729,1.0732962098118195
464,0.32444605536924936,0.6143465384565787,1.066167955311664
465,0.30945336566115156,0.6339467942764477,1.1265265759136822
466,0.316034484116406,0.6149166502629784,1.1513386389327558
467,0.313113625938744,0.6035039694920564,1.0476672590097926
468,0.33313459531943096,0.6336086992323647,1.1387228253957626
469,0.35280904795485185,0.6843537319130514,1.1454231421717478
470,0.3427228935251322,0.6313218179771879,1.1510536342376243
471,0.3317422501845561,0.6439956349380899,1.2106629720800706
472,0.3147184436559965,0.6401849646930532,1.2569403339393146
473,0.34831648205569016,0.652180209495408,1.1974110924189603
474,0.3247693471619657,0.6199009442925492,1.2184531340453197
475,0.31727936657163225,0.6263605174060806,1.2658295229759342
476,0.3038103487991307,0.637978258785272,1.2128757174113645
477,0.3283601702219888,0.6321117737864091,1.20264816410744
478,0.29167462283569473,0.5886364655247759,1.2005740685494042
479,0.33354278351604577,0.5903500864245346,1.0911700460462697
480,0.329140134672497,0.611325678558036,1.153866786014264
481,0.3187500249510853,0.6700405908800354,1.2372738012525046
482,0.287986343087042,0.5904238948757394,1.2758194000319285
483,0.27329758840035945,0.5719448807779688,1.2176881032121574
484,0.29962852742839585,0.555475855947298,1.2115890909220377
485,0.28270434401076994,0.5390791765636606,1.0624160868089736
486,0.2907548076960655,0.5837840195163668,1.1323938278984194
487,0.2913905894129661,0.5510184349999743,1.0583287074896153
488,0.30364863618884447,0.5425378330582382,1.154100463785738
489,0.3073816171565401,0.6465866862527724,1.1825304673173296
